timestamp,scenario,service,latency_p50_ms,latency_p95_ms,latency_p99_ms,latency_avg_ms,throughput_rps,error_rate_pct,availability_pct,up_pct,cpu_pct,memory_pct,tail_ratio,dim_performance,dim_reliability,dim_availability,dim_efficiency,dim_scalability,quality_index,level,system_quality_index,system_level,weight_method
2026-09-26T09:28:27,peak,user,7.102572961225948,19.969476822165266,24.498435761487467,7.20759430930669,3.967858911766786,0.0,100.0,100.0,3.00585144104009,27.43988037109375,3.449233945955676,100.0,100.0,100.0,100.0,96.2563837837027,99.66661310024132,Excellent,96.07191128979542,Excellent,ahp
2026-09-26T09:28:27,peak,product,12.32822542451606,38.70990145750951,47.7419802915019,12.9142137820664,7.479458514615058,0.0,100.0,100.0,3.621352558747684,27.4505615234375,3.8725752204823913,100.0,100.0,100.0,100.0,92.7285398293134,99.35244175071408,Excellent,96.07191128979542,Excellent,ahp
2026-09-26T09:28:27,peak,order,76.78330001231495,297.0596649061782,789.3798724941514,100.36664578592863,2.7923595491858486,0.0,100.0,100.0,8.045386769465765,30.96466064453125,10.280619254024588,82.38565382528336,100.0,100.0,100.0,39.32817288312844,89.28980278461832,Good,96.07191128979542,Excellent,ahp
2026-09-26T09:28:27,peak,payment,40.77309579726417,90.97484816982166,98.58333333333333,41.08244989406488,2.799959655253117,0.0,100.0,100.0,3.560024729970547,27.6214599609375,2.4178525423607438,100.0,100.0,100.0,100.0,100.0,99.99999999999999,Excellent,96.07191128979542,Excellent,ahp
2026-09-26T09:28:43,peak,user,7.004787312647464,20.392857142857135,24.497903884054132,7.234466904553278,10.012264560539517,0.0,100.0,100.0,3.3862200643718294,28.16314697265625,3.4973087390993367,100.0,100.0,100.0,100.0,95.85576050750552,99.63093568452732,Excellent,94.59761770973967,Excellent,ahp
2026-09-26T09:28:43,peak,product,12.743687072534016,39.090486288166474,47.724036164085874,13.264720366984866,13.492549810536609,0.0,100.0,100.0,4.790089827981235,28.4637451171875,3.7449158859953235,100.0,100.0,100.0,100.0,93.79236761670563,99.44718069493914,Excellent,94.59761770973967,Excellent,ahp
2026-09-26T09:28:43,peak,order,78.48819357165777,460.51157157961086,856.612422360248,118.96190978425675,7.3807585318419004,0.0,100.0,100.0,12.308486534649866,33.3404541015625,10.9139016121983,69.83594769164756,100.0,100.0,100.0,34.0508198983475,85.03868919449353,Good,94.59761770973967,Excellent,ahp
2026-09-26T09:28:43,peak,payment,40.643239808573206,91.01352949317632,98.58534826445454,41.11138085691407,7.39412692740931,0.0,100.0,100.0,4.162544323823032,28.106689453125,2.425627207102204,100.0,100.0,100.0,100.0,100.0,99.99999999999999,Excellent,94.59761770973967,Excellent,ahp
2026-09-26T09:28:58,peak,user,7.108447454739428,20.493476930822673,24.861612903225797,7.478292187975267,15.737582512835333,0.0,100.0,100.0,6.546827157351178,29.32586669921875,3.497474386850784,100.0,100.0,100.0,100.0,95.85438010957681,99.63081275350038,Excellent,93.12245744863543,Excellent,ahp
2026-09-26T09:28:58,peak,product,12.912201674021977,38.79021813163342,47.749818464080406,13.230362338081374,27.872458050894547,0.0,100.0,100.0,9.35855184201913,30.535888671875,3.6980384654421976,100.0,100.0,100.0,100.0,94.1830127879817,99.48196951276465,Excellent,93.12245744863543,Excellent,ahp
2026-09-26T09:28:58,peak,order,85.60519997793082,614.9552956749593,989.7252895021627,143.29864885988488,11.116215205250137,0.0,100.0,100.0,24.973966326048224,34.24530029296875,11.561508994282073,57.37643372301294,100.0,100.0,100.0,28.654091714316053,80.80411895159268,Good,93.12245744863543,Excellent,ahp
2026-09-26T09:28:58,peak,payment,40.8561441159413,90.8575723398717,98.57205732507126,41.061531316158806,11.045979093508766,0.0,100.0,100.0,6.92852233676976,29.2999267578125,2.412661778491483,100.0,100.0,100.0,100.0,100.0,99.99999999999999,Excellent,93.12245744863543,Excellent,ahp
2026-09-26T09:29:13,peak,user,7.138248847926268,21.049822064056944,24.844488188976374,8.067156546129503,26.38703744112887,0.0,100.0,100.0,13.294422926554292,30.69000244140625,3.480473813433101,100.0,100.0,100.0,100.0,95.99605155472416,99.64342927216926,Excellent,91.05008551758351,Excellent,ahp
2026-09-26T09:29:13,peak,product,13.094712347289073,39.34278350515464,48.07474226804125,13.407713367359918,46.202520137462045,0.0,100.0,100.0,18.640312562612703,30.80902099609375,3.6713095326598677,100.0,100.0,100.0,100.0,94.4057538945011,99.50180567188482,Excellent,91.05008551758351,Excellent,ahp
2026-09-26T09:29:13,peak,order,94.67040229467737,732.4249382012777,1658.064516129032,181.62723725845396,19.119490965516825,0.0,100.0,100.0,46.08591185760354,35.041046142578125,17.514074895002878,46.13813858583002,100.0,100.0,100.0,0.0,74.8663142639462,Fair,91.05008551758351,Excellent,ahp
2026-09-26T09:29:13,peak,payment,40.79696363233186,90.98029045643153,98.50733495814191,41.187674631831996,19.048274597517214,0.0,100.0,100.0,11.506439001327442,30.50689697265625,2.4145751592178346,100.0,100.0,100.0,100.0,100.0,99.99999999999999,Excellent,91.05008551758351,Excellent,ahp
2026-09-26T09:29:28,peak,user,7.176165803108809,21.040929770578227,34.81018131684493,8.09595832202623,30.220929175379585,0.0,100.0,100.0,20.121069188108017,30.81207275390625,4.850805049928572,100.0,100.0,100.0,100.0,84.57662458392858,98.62647477286977,Excellent,90.82258160175908,Excellent,ahp
2026-09-26T09:29:28,peak,product,12.909903739247714,40.03917147191625,48.57210031347964,13.621158447909295,51.31468887515002,0.0,100.0,100.0,28.12699203549478,31.34613037109375,3.7623905874537553,100.0,100.0,100.0,100.0,93.64674510455204,99.43421231488708,Excellent,90.82258160175908,Excellent,ahp
2026-09-26T09:29:28,peak,order,92.62032085561499,782.1965168037568,993.4900329213281,158.82898998568166,21.7618069192911,0.0,100.0,100.0,66.69500690959343,35.3515625,10.726480147591705,44.84654421435562,100.0,100.0,81.44999232267396,35.612665436735796,74.69076549386058,Fair,90.82258160175908,Excellent,ahp
2026-09-26T09:29:28,peak,payment,41.01260554242853,90.94142259414225,98.56089674819218,41.088872999552926,21.6952856718607,0.0,100.0,100.0,16.237629775086823,30.572509765625,2.4031854461484663,100.0,100.0,100.0,100.0,100.0,99.99999999999999,Excellent,90.82258160175908,Excellent,ahp
2026-09-26T09:29:44,peak,user,7.190618942096983,21.95397559074781,52.755152747196846,8.263631907091735,38.095757641881704,0.0,100.0,100.0,23.390802465768374,31.195068359375,7.336663668595403,100.0,100.0,100.0,100.0,63.861136095038304,96.78166160686412,Excellent,88.74860178860757,Good,ahp
2026-09-26T09:29:44,peak,product,12.988303563394421,40.57758620689657,49.95459770114941,13.8815551743074,65.33558816576655,0.0,100.0,100.0,32.55306241351686,31.50482177734375,3.8461218170122637,100.0,100.0,100.0,100.0,92.94898485823113,99.37207343316008,Excellent,88.74860178860757,Good,ahp
2026-09-26T09:29:44,peak,order,91.49512459371614,761.5515771526,1658.064516129032,195.06405128533856,27.658065571981886,0.0,100.0,100.0,74.44050987380442,35.39276123046875,18.121889264500847,43.00197918668546,100.0,100.0,72.84387791799509,0.0,69.59125103127413,Fair,88.74860178860757,Good,ahp
2026-09-26T09:29:44,peak,payment,40.97475156257026,91.0135673577599,98.48893805309736,41.244048110144966,27.49390842637379,0.0,100.0,100.0,18.841106302505732,31.0089111328125,2.4036494254931693,100.0,100.0,100.0,100.0,100.0,99.99999999999999,Excellent,88.74860178860757,Good,ahp
2026-09-26T09:29:59,peak,user,7.21152555999708,21.940204284295646,46.12499999999998,8.280654057761746,43.0015636932252,0.0,100.0,100.0,25.31352339260691,31.27288818359375,6.3960114425523376,100.0,100.0,100.0,100.0,71.69990464539718,97.47974137624675,Excellent,88.37736115598972,Good,ahp
2026-09-26T09:29:59,peak,product,12.989291108735424,40.57758620689657,49.95459770114941,13.8815551743074,74.09696964172801,0.0,100.0,100.0,33.135694674254964,31.655120849609375,3.8458294053902957,100.0,100.0,100.0,100.0,92.95142162174753,99.37229043858672,Excellent,88.37736115598972,Good,ahp
2026-09-26T09:29:59,peak,order,94.00885501411875,802.6422764227636,1730.1612903225773,202.09154292573405,30.203022017668815,0.0,100.0,100.0,76.39581780161832,35.479736328125,18.40423745255415,39.63793331175051,100.0,100.0,70.67131355375741,0.0,68.23126246238678,Fair,88.37736115598972,Good,ahp
2026-09-26T09:29:59,peak,payment,41.15421002838221,91.02683474889508,98.49513446567587,41.39540871951985,30.247931630312145,0.0,100.0,100.0,20.220142781228787,31.127166748046875,2.3933185547176876,100.0,100.0,100.0,100.0,100.0,99.99999999999999,Excellent,88.37736115598972,Good,ahp
2026-09-26T09:30:14,peak,user,7.187728268809351,21.23031496062991,52.77013613423606,8.263604832032422,44.22381030312949,0.0,100.0,100.0,23.546829596494103,31.30035400390625,7.34169881786272,100.0,100.0,100.0,100.0,63.819176517810675,96.7779249061558,Excellent,88.24311189911668,Good,ahp
2026-09-26T09:30:14,peak,product,12.807110785303525,39.63222208900378,48.53450145589074,13.608060366811825,74.71724188093248,0.0,100.0,100.0,31.781761646725105,31.66656494140625,3.789652660113261,100.0,100.0,100.0,100.0,93.41956116572283,99.41398050033528,Excellent,88.24311189911668,Good,ahp
2026-09-26T09:30:14,peak,order,91.49512459371614,809.0277777777777,1838.0645161290379,203.21776985967048,30.568082630200756,0.0,100.0,100.0,76.10339497754262,35.65673828125,20.08920720411015,39.11212416062188,100.0,100.0,70.99622780273042,0.0,68.12464875178935,Fair,88.24311189911668,Good,ahp
2026-09-26T09:30:14,peak,payment,41.06302916274694,91.05745071731664,98.48275862068965,41.39569495476768,30.622636019784697,0.0,100.0,100.0,20.4100260733955,31.1737060546875,2.3983315558715486,100.0,100.0,100.0,100.0,100.0,99.99999999999999,Excellent,88.24311189911668,Good,ahp
2026-09-26T09:30:29,peak,user,7.19391495601173,21.44172932330827,46.12499999999998,8.280654057761746,44.44989912577657,0.0,100.0,100.0,24.297348801687455,31.327056884765625,6.411668789808915,100.0,100.0,100.0,100.0,71.56942675159237,97.46812169677392,Excellent,88.3042705767374,Good,ahp
2026-09-26T09:30:29,peak,product,12.806908548707755,40.57758620689657,49.95459770114941,13.881555174307401,74.82498408946269,0.0,100.0,100.0,32.55306241351686,31.689453125,3.9005976743848882,100.0,100.0,100.0,100.0,92.49501938012592,99.33164563965815,Excellent,88.3042705767374,Good,ahp
2026-09-26T09:30:29,peak,order,93.76450116009282,813.2882882882881,1900.5190251696472,206.20709335200453,30.837484999454528,0.0,100.0,100.0,75.58623853676946,35.95123291015625,20.269067735183864,38.56237248282484,100.0,100.0,71.57084607025615,0.0,68.05063769797056,Fair,88.3042705767374,Good,ahp
2026-09-26T09:30:29,peak,payment,41.13491340018232,91.02777777777777,98.27947154471549,41.48384884885612,30.784057022328895,0.0,100.0,100.0,20.571193744885896,31.264495849609375,2.3891984550593435,100.0,100.0,100.0,100.0,100.0,99.99999999999999,Excellent,88.3042705767374,Good,ahp
2026-09-26T09:30:45,peak,user,7.187728268809351,21.056910569105682,28.12499999999976,8.042074400954654,44.668915999618264,0.0,100.0,100.0,23.546829596494103,31.3446044921875,3.912919207317039,100.0,100.0,100.0,100.0,92.39233993902468,99.32250154513568,Excellent,88.81208847655522,Good,ahp
2026-09-26T09:30:45,peak,product,12.65441176470588,39.44970119521912,48.121595330739304,13.321760665206398,75.51801378780222,0.0,100.0,100.0,32.27295213152918,31.695556640625,3.802752449146163,100.0,100.0,100.0,100.0,93.31039625711531,99.40425884396339,Excellent,88.81208847655522,Good,ahp
2026-09-26T09:30:45,peak,order,90.32866379310346,797.0720720720716,1706.9354838709642,203.21776985967048,31.003382187147693,0.0,100.0,100.0,74.4071566680631,36.07025146484375,18.896941592988423,39.90917120766896,100.0,100.0,72.88093703548545,0.0,68.66531850283484,Fair,88.81208847655522,Good,ahp
2026-09-26T09:30:45,peak,payment,41.14077669902913,91.11725663716814,98.32812500000001,41.5984285855104,31.06730803980877,0.0,100.0,100.0,20.27229152271157,31.3079833984375,2.3900405604719763,100.0,100.0,100.0,100.0,100.0,99.99999999999999,Excellent,88.81208847655522,Good,ahp
2026-09-26T09:31:00,peak,user,7.014234875444839,21.060483870967733,28.14999999999977,7.952679858932937,44.76852020220388,0.0,100.0,100.0,23.754800349116305,31.3873291015625,4.013267376965975,100.0,100.0,100.0,100.0,91.55610519195022,99.24803084790342,Excellent,88.69715713419126,Good,ahp
2026-09-26T09:31:00,peak,product,12.775544191486935,39.394504325199904,48.11488125152292,13.336188610676668,77.04336757887081,0.0,100.0,100.0,31.710489808319444,31.6864013671875,3.766170781482997,100.0,100.0,100.0,100.0,93.61524348764169,99.43140694548158,Excellent,88.69715713419126,Good,ahp
2026-09-26T09:31:00,peak,order,89.18703492637778,806.0763888888887,1679.3548387096728,206.20709335200453,31.584115208378797,0.0,100.0,100.0,74.69530117882786,36.109161376953125,18.829584816850886,39.04316577611813,100.0,100.0,72.56077646796905,0.0,68.3533460511698,Fair,88.69715713419126,Good,ahp
2026-09-26T09:31:00,peak,payment,41.16575591985429,91.20528367923369,98.37228815502809,41.56674230469078,31.49377216110556,0.0,100.0,100.0,20.80457504455029,31.280517578125,2.3896631060668323,100.0,100.0,100.0,100.0,100.0,99.99999999999999,Excellent,88.69715713419126,Good,ahp
2026-09-26T09:31:15,peak,user,6.9186046511627906,20.011467889908257,24.479357798165147,7.337100798768047,45.73143013001182,0.0,100.0,100.0,21.78885696621449,31.488800048828125,3.5381928918356347,100.0,100.0,100.0,100.0,95.51505923470303,99.60059460934205,Excellent,91.04682821197594,Excellent,ahp
2026-09-26T09:31:15,peak,product,12.647810008089678,39.14601293103451,48.00161637931038,13.243622657405295,77.2126347947846,0.0,100.0,100.0,32.1496486513664,31.6925048828125,3.795251221247632,100.0,100.0,100.0,100.0,93.37290648960307,99.40982567865161,Excellent,91.04682821197594,Excellent,ahp
2026-09-26T09:31:15,peak,order,87.22554890219561,675.8474576271175,982.627118644067,166.7389959082894,31.276139215187115,0.0,100.0,100.0,73.96046913355767,36.2396240234375,11.265358957452575,51.23336985523311,100.0,100.0,73.37725651826926,31.12200868789521,74.92792538526946,Fair,91.04682821197594,Excellent,ahp
2026-09-26T09:31:15,peak,payment,41.13937681446576,91.12068965517243,98.47912087912088,41.62882756482583,31.36762860727729,0.0,100.0,100.0,20.99048969868892,31.3079833984375,2.3937922376231247,100.0,100.0,100.0,100.0,100.0,99.99999999999999,Excellent,91.04682821197594,Excellent,ahp
